The cat is not a fruit!	e4990ad599f68f6b10a4.m4a
The frog is not a fruit!	669b0f563eb8900b4107.m4a
The bunny is not a fruit!	1cbab022a29bb5b76f3b.m4a
The bear is not a fruit!	b63fbd16c9a793d860f7.m4a
The cow is not a fruit!	d965d98da30629b9c071.m4a
The pig is not a fruit!	7962f47b7591f495865d.m4a
The lion is not a fruit!	78f2f895d5c3dbff4f74.m4a
The car is not a fruit!	b442b76ea245d42ac561.m4a
The bus is not a fruit!	bcd0e296940d39de5381.m4a
The train is not a fruit!	c0498241acda8bad1f44.m4a
The plane is not a fruit!	76defdcdaab575535c4d.m4a
The helicopter is not a fruit!	f7949cac034d5979d698.m4a
The tractor is not a fruit!	7c004ed18ce6adfd4aa4.m4a
The scooter is not a fruit!	016ec5cbf99e25196f5b.m4a
The blossom is not a fruit!	4a7bb9189e1cc4641571.m4a
The sunflower is not a fruit!	c7958a5bf9ec467593dd.m4a
The hibiscus is not a fruit!	937625ff632d1783c843.m4a
The tulip is not a fruit!	2aa13d258faddb37f342.m4a
The rose is not a fruit!	96c0b3703ede8855c5ce.m4a
The sun is not a fruit!	87f0f98793a908c859d5.m4a
The moon is not a fruit!	3c8698d340d6e1452645.m4a
The star is not a fruit!	5f6c7fa8076efe74c58a.m4a
The cloud is not a fruit!	5d9c469b719183328259.m4a
The rainbow is not a fruit!	39331092b9916f6235ca.m4a
The fish is not a fruit!	1ba685243f7d011a2d58.m4a
The dolphin is not a fruit!	6d0edc079b05a3b25cb9.m4a
The octopus is not a fruit!	9675d8984e94c7957809.m4a
The crab is not a fruit!	ad339d813194d99e52f8.m4a
The whale is not a fruit!	4c020a723b87d96f2f10.m4a
The seashell is not a fruit!	226fd99085f392ec359a.m4a
The ice cream is not a fruit!	dc97b6e18637ed36d7d9.m4a
The cupcake is not a fruit!	f36456a04ee7bddcc742.m4a
The cake is not a fruit!	ee0578954e8cd048fa10.m4a
The lollipop is not a fruit!	cbad397cd4ee37e2c5e3.m4a
The donut is not a fruit!	e45228f9aa75b74d020c.m4a
The cookie is not a fruit!	43769311a95e6959e518.m4a
The broccoli is not a fruit!	746845bac7bcd8398153.m4a
The carrot is not a fruit!	eb20e8ff82ca43b19146.m4a
The corn is not a fruit!	b172e21de0b5ea8547ba.m4a
The tomato is not a fruit!	e2c472fc889b68929908.m4a
The cucumber is not a fruit!	727f82a5edbee194b974.m4a
The sneaker is not a fruit!	d8fc384136d5393a27c7.m4a
The cap is not a fruit!	b6fef3193741ac4e3b40.m4a
The glove is not a fruit!	afcb348c164a5adeec3c.m4a
The sock is not a fruit!	b61edcb0dd54789d1a6f.m4a
The dress is not a fruit!	64c311d6883b57c90252.m4a
The coat is not a fruit!	ce825310896d27f2fa9f.m4a
The piano is not a fruit!	a83b22f41850970a115f.m4a
The guitar is not a fruit!	0a7bb8d39e09c31874e8.m4a
The trumpet is not a fruit!	43213beab0c5a376f9a8.m4a
The drum is not a fruit!	8717416a114be82c95e6.m4a
The violin is not a fruit!	127aae48cb6b660ba008.m4a
The bee is not a fruit!	4118afbddf557bc1c7b3.m4a
The ladybug is not a fruit!	9e17aad99ee6f6f09d64.m4a
The butterfly is not a fruit!	9b32c9cdfbefae98f35c.m4a
The caterpillar is not a fruit!	8756e86297ad4148e78f.m4a
The ant is not a fruit!	762136ce7b66991a230e.m4a
The soccer ball is not a fruit!	d8f86ac1d4a30f06c840.m4a
The basketball is not a fruit!	6b476b539068b05fb5bc.m4a
The tennis ball is not a fruit!	016765c3c5a6c6f248a9.m4a
The baseball is not a fruit!	078cd992243bdef64736.m4a
The pizza is not a fruit!	6ead8f09bc9a8945c367.m4a
The burger is not a fruit!	212e23f9789c3eeaaacf.m4a
The taco is not a fruit!	ee512efe9a1d1aab9ab6.m4a
The sandwich is not a fruit!	606b76d16e56f22b240b.m4a
The spaghetti is not a fruit!	d032c1688481ab7cbeb5.m4a
The apple is not a animal!	535c262c0c652b8a32e5.m4a
The orange is not a animal!	662f2c31de7b8bc356b2.m4a
The lemon is not a animal!	e27fb1486e772c37c873.m4a
The strawberry is not a animal!	e554aa11138fd1ae2539.m4a
The grapes is not a animal!	659db6bd45ecf60f3f5c.m4a
The banana is not a animal!	d5029f769ba0e5ab7ea5.m4a
The watermelon is not a animal!	400a2e77dbe1413d1006.m4a
The peach is not a animal!	c064cb66339bdaad025f.m4a
The car is not a animal!	e202767715f8139bc5dc.m4a
The bus is not a animal!	c0149ac3d51ea6d3a6f5.m4a
The train is not a animal!	5ef2dd2ae185906357c3.m4a
The plane is not a animal!	e7a95486e22946f48527.m4a
The helicopter is not a animal!	1bdad7ddebfd2a7011b4.m4a
The tractor is not a animal!	9574c899a22c52652a4c.m4a
The scooter is not a animal!	230be7cf9cb1625f783d.m4a
The blossom is not a animal!	0b569c19dbd217f4ade6.m4a
The sunflower is not a animal!	8a38ba1d21172b2d9134.m4a
The hibiscus is not a animal!	625a11bc4f1ba1b991d0.m4a
The tulip is not a animal!	06e20b3478f8e705cf3c.m4a
The rose is not a animal!	a628e5caf2419eb07370.m4a
The sun is not a animal!	19a57cf6d7ca100b2c3b.m4a
The moon is not a animal!	0bab865a36c3857cc562.m4a
The star is not a animal!	775d22a92f0ce2446a79.m4a
The cloud is not a animal!	e5bf553d7d3c0259edb6.m4a
The rainbow is not a animal!	b49c6431c284b76010c6.m4a
The fish is not a animal!	2b53d842a894d188d07e.m4a
The dolphin is not a animal!	4a8cf781da5d4f216e51.m4a
The octopus is not a animal!	531f2c4b032bad53327c.m4a
The crab is not a animal!	65d18822e895c6e10477.m4a
The whale is not a animal!	1d35a221107a3d8e0289.m4a
The seashell is not a animal!	c601bd6e0dc5e6225acd.m4a
The ice cream is not a animal!	302e8538c4f9e671c536.m4a
The cupcake is not a animal!	b65cd2d67f4b8f97d4a5.m4a
The cake is not a animal!	cca02e7f5721ac6e5953.m4a
The lollipop is not a animal!	c8363b1573b2be6ab7fe.m4a
The donut is not a animal!	28d54c30ca5dcee0e118.m4a
The cookie is not a animal!	3959d60d42cb89e7e0a5.m4a
The broccoli is not a animal!	49cf28ef5dfae6de01fd.m4a
The carrot is not a animal!	2bc0f2900b2f6c0ae3a5.m4a
The corn is not a animal!	b0d3b133cf466b7d4f49.m4a
The tomato is not a animal!	692d3d2e8957c00e98d8.m4a
The cucumber is not a animal!	f2823bc6c87a6042c7b5.m4a
The sneaker is not a animal!	a840715248ed47fb7d79.m4a
The cap is not a animal!	e715faf7ecc91e3d6290.m4a
The glove is not a animal!	b0c7c5c8b6848c01db1d.m4a
The sock is not a animal!	2da3d65306e3c2dfdf1f.m4a
The dress is not a animal!	23ad7c2992aa51e9570a.m4a
The coat is not a animal!	a2a09eb84d8c57964df1.m4a
The piano is not a animal!	048f1be7fdda8b9e80d3.m4a
The guitar is not a animal!	5b5ee96998a92626c29d.m4a
The trumpet is not a animal!	302207e0b3ece24827f6.m4a
The drum is not a animal!	de202c9ab79dbf519c07.m4a
The violin is not a animal!	78e83edf234d8bd4b0ed.m4a
The bee is not a animal!	836ce85d82346e9d28dc.m4a
The ladybug is not a animal!	8a9d4bde3e57eb19204c.m4a
The butterfly is not a animal!	ce682e6e4d2d26f50e23.m4a
The caterpillar is not a animal!	1790a62db5c615353ad7.m4a
The ant is not a animal!	87bf6006267b8cf849f0.m4a
The soccer ball is not a animal!	e84a5c8a955a2788d150.m4a
The basketball is not a animal!	b3fa6cc053099b433086.m4a
The tennis ball is not a animal!	d08b470d68fd9283af5f.m4a
The baseball is not a animal!	18bbc212aeb6b2989b3e.m4a
The pizza is not a animal!	c00928633644cba5870c.m4a
The burger is not a animal!	52acef1ae29aa8be52a5.m4a
The taco is not a animal!	638428589ff8ce07ff4b.m4a
The sandwich is not a animal!	0bbc10faf133677cbfb1.m4a
The spaghetti is not a animal!	5bab1e663320cf6dedd6.m4a
The apple is not a vehicle!	911c3c2cfd4d166f26b0.m4a
The orange is not a vehicle!	dc45dfde8879996393ec.m4a
The lemon is not a vehicle!	e2a870cbf6fee79d4022.m4a
The strawberry is not a vehicle!	9cec1b4f90a55af171a8.m4a
The grapes is not a vehicle!	7a4932e139d8e9bee454.m4a
The banana is not a vehicle!	146d7766d27ae56e55c4.m4a
The watermelon is not a vehicle!	fb8562b4871cd8c669ec.m4a
The peach is not a vehicle!	e7c8d163f4f5df88db8c.m4a
The dog is not a vehicle!	075d2fbc6c1cffdf85a4.m4a
The cat is not a vehicle!	c821f490437b9600a783.m4a
The frog is not a vehicle!	95c2377e351831fbf655.m4a
The bunny is not a vehicle!	aa349aa0b8887f1086b0.m4a
The bear is not a vehicle!	bc556f61f91d181cc4cf.m4a
The cow is not a vehicle!	0286d47c5f4882af9486.m4a
The pig is not a vehicle!	f9494898571963780cfe.m4a
The lion is not a vehicle!	c0833e592235990ab207.m4a
The blossom is not a vehicle!	afc9be3ec174e397a34e.m4a
The sunflower is not a vehicle!	063a25421f1a255d6ed4.m4a
The hibiscus is not a vehicle!	11b6c2331d9475abe7f4.m4a
The tulip is not a vehicle!	cc123e17548626586d8b.m4a
The rose is not a vehicle!	d28efa60651fc75cf897.m4a
The sun is not a vehicle!	196d7aae5b3f8aa1ba7f.m4a
The moon is not a vehicle!	6cd5528ec25dbe42f3dc.m4a
The star is not a vehicle!	dd14ec7d889a326b713b.m4a
The cloud is not a vehicle!	ad9f796897e7a08ede73.m4a
The rainbow is not a vehicle!	3812292ffbe4566b93a5.m4a
The fish is not a vehicle!	0dff7b81be9357fa9ada.m4a
The dolphin is not a vehicle!	b84d0f55708f6b9c75b5.m4a
The octopus is not a vehicle!	9c9699dfb811b1ef7043.m4a
The crab is not a vehicle!	806650bfdef8dae4e0f9.m4a
The whale is not a vehicle!	41d4a40b8b0961414073.m4a
The seashell is not a vehicle!	538bbeac910bfef5c530.m4a
The ice cream is not a vehicle!	ecea6d724b08421894bf.m4a
The cupcake is not a vehicle!	b46f203f8511f26d3e86.m4a
The cake is not a vehicle!	0d8f4fc745956f076f6a.m4a
The lollipop is not a vehicle!	4d05b2087561f24146c8.m4a
The donut is not a vehicle!	61f70e7fa8557f11c311.m4a
The cookie is not a vehicle!	ca772d611b7fd78dbfe7.m4a
The broccoli is not a vehicle!	7979fba382f1f5f8dff3.m4a
The carrot is not a vehicle!	af5cad49805510d62d1f.m4a
The corn is not a vehicle!	2f02b329ae6d33897729.m4a
The tomato is not a vehicle!	c00003c15ae6d654f425.m4a
The cucumber is not a vehicle!	c1dd52044e6787bd02e1.m4a
The sneaker is not a vehicle!	9f9fb385321c1aede760.m4a
The cap is not a vehicle!	920b95edb4ecd2e9a0c9.m4a
The glove is not a vehicle!	cece3677e0be78f139ef.m4a
The sock is not a vehicle!	691da4c90789097791bf.m4a
The dress is not a vehicle!	63ed86753542eab13bc2.m4a
The coat is not a vehicle!	1acf74f3a17cc5a3c841.m4a
The piano is not a vehicle!	b7da2b1a760b7186760a.m4a
The guitar is not a vehicle!	208a45b03f41861afa96.m4a
The trumpet is not a vehicle!	75ecddae9d1b9814d6d6.m4a
The drum is not a vehicle!	b4e16480efd000601992.m4a
The violin is not a vehicle!	c6a6e8de6733c76c8b82.m4a
The bee is not a vehicle!	7391243f702568ac4247.m4a
The ladybug is not a vehicle!	82796401ad98f4170efb.m4a
The butterfly is not a vehicle!	43e00e1e7980bde222b0.m4a
The caterpillar is not a vehicle!	9b1bcb9d3ac5475d8290.m4a
The ant is not a vehicle!	6fd6ef1287646045e47b.m4a
The soccer ball is not a vehicle!	82438834b5f8af627f75.m4a
The basketball is not a vehicle!	221d3c17f6d46ddceaab.m4a
The tennis ball is not a vehicle!	bc7eb5774c770feb1706.m4a
The baseball is not a vehicle!	767c088c9737f0e72a56.m4a
The pizza is not a vehicle!	7cdd9a74d505b7c6d8ab.m4a
The burger is not a vehicle!	5f05aec6e0573624f97b.m4a
The taco is not a vehicle!	34be84d07fb30f4eda91.m4a
The sandwich is not a vehicle!	29c6d90329d0cd35c4e7.m4a
The spaghetti is not a vehicle!	c6d1f5200128b502989f.m4a
The apple is not a flower!	0c9cb91aaee7619f4e99.m4a
The orange is not a flower!	1317189065027054aede.m4a
The lemon is not a flower!	8200dd21bcdce294af12.m4a
The strawberry is not a flower!	a57f1caf0cfb2d45a0f2.m4a
The grapes is not a flower!	e63a277eebaeee424d4c.m4a
The banana is not a flower!	4adc771f31a7f6194912.m4a
The watermelon is not a flower!	b904ec80b647fcc26aab.m4a
The peach is not a flower!	e6007faffc975ac56231.m4a
The dog is not a flower!	d447d72d3d499a2449d9.m4a
The cat is not a flower!	9ec6199eab31c6d48170.m4a
The frog is not a flower!	dbda9e8b9b82d128709b.m4a
The bunny is not a flower!	782f1065e653b742be7a.m4a
The bear is not a flower!	b82cfd13c3527adc9b20.m4a
The cow is not a flower!	f55f160b827b5dbe20c6.m4a
The pig is not a flower!	02147cf8f6714cc2b895.m4a
The lion is not a flower!	7608fc4dbc07ed9f16cb.m4a
The car is not a flower!	a5d3ecb5010a03a52029.m4a
The bus is not a flower!	bf4f49d0009e13ded833.m4a
The train is not a flower!	a743c16b9aa30bf20b33.m4a
The plane is not a flower!	5e5ca42bec3b635bf640.m4a
The helicopter is not a flower!	efa7b420d6e7fad2dc25.m4a
The tractor is not a flower!	01c0130b45d8a74419ba.m4a
The scooter is not a flower!	e304dd30b1b6b696ad03.m4a
The sun is not a flower!	04ce5bfc043e1e0bf91c.m4a
The moon is not a flower!	1eacb96881a820edbefc.m4a
The star is not a flower!	e421301f00a98bdb1a6e.m4a
The cloud is not a flower!	1145b1a6a2688465d93c.m4a
The rainbow is not a flower!	ad86f83958dfb38c39ef.m4a
The fish is not a flower!	72411496bdc75d2e67d1.m4a
The dolphin is not a flower!	0032d79ece1e7f1204e4.m4a
The octopus is not a flower!	ccbddeb750e9cf9826ed.m4a
The crab is not a flower!	44932f41035e61ea8d92.m4a
The whale is not a flower!	be486c975f7cc2eaa654.m4a
The seashell is not a flower!	087fdf91847bc417fec4.m4a
The ice cream is not a flower!	9adcbb3359efaf510f49.m4a
The cupcake is not a flower!	1e2093f9563e8440fbf9.m4a
The cake is not a flower!	637e677e63b900cf47eb.m4a
The lollipop is not a flower!	8debd85e78542958bdad.m4a
The donut is not a flower!	4c016e63d2fc72d9f471.m4a
The cookie is not a flower!	efe340aadf23008eacd3.m4a
The broccoli is not a flower!	ddd9c7e7b2934f417b25.m4a
The carrot is not a flower!	4f13569e32f764b83004.m4a
The corn is not a flower!	d142be6030b1d29d338f.m4a
The tomato is not a flower!	0a296731839815fa1ca1.m4a
The cucumber is not a flower!	45536c6c79a5e4e99934.m4a
The sneaker is not a flower!	1fe5468863efedc35702.m4a
The cap is not a flower!	37680adb854c22fc7d87.m4a
The glove is not a flower!	b3de7bd84101d9b62bdd.m4a
The sock is not a flower!	374912b2d0904486e6bd.m4a
The dress is not a flower!	9d41193605ff86cae620.m4a
The coat is not a flower!	1872538264988cd1a59e.m4a
The piano is not a flower!	58b39696f6560e7a503c.m4a
The guitar is not a flower!	08991451b82fe109482f.m4a
The trumpet is not a flower!	b6efe376076245a40e29.m4a
The drum is not a flower!	0a86851eb2ac79834d25.m4a
The violin is not a flower!	e3aadcece75fe87c99b8.m4a
The bee is not a flower!	6b7569e2177098f6f047.m4a
The ladybug is not a flower!	8219334e8e5f45f7f745.m4a
The butterfly is not a flower!	649a5e010683dfc8f528.m4a
The caterpillar is not a flower!	1ea91fe91dd0057e18c0.m4a
The ant is not a flower!	c62ba43094176d45f303.m4a
The soccer ball is not a flower!	e4fa4977a518861d3164.m4a
The basketball is not a flower!	b4e224818c34722eb06a.m4a
The tennis ball is not a flower!	5ed300da10bfb98a3a3c.m4a
The baseball is not a flower!	a966ccd92e2c60fd2166.m4a
The pizza is not a flower!	c9a425736ee872f6cf80.m4a
The burger is not a flower!	8a240c66a0e064e1382e.m4a
The taco is not a flower!	6d106fb6429879f2e844.m4a
The sandwich is not a flower!	31b987e1a4852f57689f.m4a
The spaghetti is not a flower!	dc34a4846dddfbad8d58.m4a
The apple is not a sky thing!	a0c9c505a14c1520217c.m4a
The orange is not a sky thing!	bdcb01ea9ff37012942c.m4a
The lemon is not a sky thing!	afe87f630105c9186ddb.m4a
The strawberry is not a sky thing!	4b1d7549055de13a7ebe.m4a
The grapes is not a sky thing!	a5f83ed04662a933b8af.m4a
The banana is not a sky thing!	1a6fdd9b99cdd90721b1.m4a
The watermelon is not a sky thing!	a744db454e8a5b7a1ae2.m4a
The peach is not a sky thing!	c1589e7e5a9705cfec57.m4a
The dog is not a sky thing!	94b427277128569abbe4.m4a
The cat is not a sky thing!	edff9b9b61e780a7a713.m4a
The frog is not a sky thing!	fb8b85012666da6817a5.m4a
The bunny is not a sky thing!	5476915d4cc1f1306013.m4a
The bear is not a sky thing!	1e6f6df76d00603450bd.m4a
The cow is not a sky thing!	483a3c0ba3d504335c46.m4a
The pig is not a sky thing!	8310f9276ff78acbbc16.m4a
The lion is not a sky thing!	5056850be5a8f5e7d3c9.m4a
The car is not a sky thing!	ecd3e4a4667f03b2e5e6.m4a
The bus is not a sky thing!	93dfa02c08d7c630e73c.m4a
The train is not a sky thing!	873b9022c5865f117c51.m4a
The plane is not a sky thing!	9010a54a840e6d39ba91.m4a
The helicopter is not a sky thing!	7ee3e0e055ce4a86e669.m4a
The tractor is not a sky thing!	450a21f8c1adadbb0aff.m4a
The scooter is not a sky thing!	2797f156971d095c2e0a.m4a
The blossom is not a sky thing!	c6165011562ddb034ec8.m4a
The sunflower is not a sky thing!	d801976dbdbe250d1f37.m4a
The hibiscus is not a sky thing!	1a931f29fdf6555ce540.m4a
The tulip is not a sky thing!	614634025c1bfa917bb0.m4a
The rose is not a sky thing!	30238169be225cb0f645.m4a
The fish is not a sky thing!	5f4cef52f71477fc446a.m4a
The dolphin is not a sky thing!	5504d29eb174b9bba243.m4a
The octopus is not a sky thing!	cd13657a38637bb76271.m4a
The crab is not a sky thing!	8865c294fe927f4779b2.m4a
The whale is not a sky thing!	104a55f3f1df9d4938a4.m4a
The seashell is not a sky thing!	19ab7498c55db4e96f49.m4a
The ice cream is not a sky thing!	e5a19b5f5dfd278e5697.m4a
The cupcake is not a sky thing!	caa185ab3cb2a32d1561.m4a
The cake is not a sky thing!	986a4683761091e2877b.m4a
The lollipop is not a sky thing!	beb2f3fcdcccbab49e5f.m4a
The donut is not a sky thing!	629c16fe62d589173ccb.m4a
The cookie is not a sky thing!	de7b7fa17b03ae4bc262.m4a
The broccoli is not a sky thing!	dcc1503d9b348caa72de.m4a
The carrot is not a sky thing!	287ec8e985e6e7878c3e.m4a
The corn is not a sky thing!	24e26ef055ec9a4dba9f.m4a
The tomato is not a sky thing!	68ba51bcaf734d904ec6.m4a
The cucumber is not a sky thing!	2eab70163ce4a8386cd6.m4a
The sneaker is not a sky thing!	24d3711a59c33207a5e8.m4a
The cap is not a sky thing!	ead846f389995f103c06.m4a
The glove is not a sky thing!	9f6fbdd5bded296ac95b.m4a
The sock is not a sky thing!	d3cee3a4d159c1f6437a.m4a
The dress is not a sky thing!	6c881c8267621f24973a.m4a
The coat is not a sky thing!	021efb06b68f9f33da2b.m4a
The piano is not a sky thing!	199ea04ea14cd5ef4b42.m4a
The guitar is not a sky thing!	5e0e170cd0912cdecf3f.m4a
The trumpet is not a sky thing!	20c53971c533db0a821a.m4a
The drum is not a sky thing!	2528b0b829cd10637e2b.m4a
The violin is not a sky thing!	8395b046af30b7795155.m4a
The bee is not a sky thing!	8d16cda4cd4e488e7312.m4a
The ladybug is not a sky thing!	06a193152ba5fc962b42.m4a
The butterfly is not a sky thing!	b5aba1244a0a755351e7.m4a
The caterpillar is not a sky thing!	b1928c4fe60eb00da2e6.m4a
The ant is not a sky thing!	be63d6aa8e7654c4eb5e.m4a
The soccer ball is not a sky thing!	60e15a69bd3862fb531e.m4a
The basketball is not a sky thing!	00b92e5e95797f25bc02.m4a
The tennis ball is not a sky thing!	ac170637c746038799be.m4a
The baseball is not a sky thing!	3d5106332370d3b071a8.m4a
The pizza is not a sky thing!	be8842eb2f7212d0f119.m4a
The burger is not a sky thing!	279425cfde31573a0e4b.m4a
The taco is not a sky thing!	e874b8fd5aee9f6af183.m4a
The sandwich is not a sky thing!	861d9573bf78f7632b78.m4a
The spaghetti is not a sky thing!	a48b1bebb8e76896577d.m4a
The apple is not a sea friend!	e0c9f9f9c29b4ce1e70e.m4a
The orange is not a sea friend!	326603ef04718f97c7a2.m4a
The lemon is not a sea friend!	af07c52241804cb5d9dd.m4a
The strawberry is not a sea friend!	b149f9edca967373ddc2.m4a
The grapes is not a sea friend!	0b50239c26fd52ad14e0.m4a
The banana is not a sea friend!	e364eb18a92f8051e244.m4a
The watermelon is not a sea friend!	f8c9a7377ab41c3720d3.m4a
The peach is not a sea friend!	aa13a2267e0d7a19e4a1.m4a
The dog is not a sea friend!	4bb8c446f6a1e5893097.m4a
The cat is not a sea friend!	c3e455c498ddfee991d1.m4a
The frog is not a sea friend!	4f0157cec85633ff6d29.m4a
The bunny is not a sea friend!	55281d5459c991dddb96.m4a
The bear is not a sea friend!	43e3d0b9dbfb1de88e13.m4a
The cow is not a sea friend!	03c6313b625d012860ca.m4a
The pig is not a sea friend!	b7ea00a057c77d47fcb2.m4a
The lion is not a sea friend!	fce43f437c7160a0334c.m4a
The car is not a sea friend!	a7110b3e74c55f81c196.m4a
The bus is not a sea friend!	52ccc631996a5a32b1f4.m4a
The train is not a sea friend!	25257935a5ab6100af38.m4a
The plane is not a sea friend!	197cc5325ad947e82e7d.m4a
The helicopter is not a sea friend!	eafa255a7d447dd2de5f.m4a
The tractor is not a sea friend!	070a47cda63e5fbc4bb5.m4a
The scooter is not a sea friend!	2cdb7e99de2ff59097c4.m4a
The blossom is not a sea friend!	5aecec0bd749840f0858.m4a
The sunflower is not a sea friend!	3bc01e5b73a9eb3c240c.m4a
The hibiscus is not a sea friend!	3a8406d1b3a01ea614b5.m4a
The tulip is not a sea friend!	bcce5c02676febf99af7.m4a
The rose is not a sea friend!	78aa547c5aed96324cc2.m4a
The sun is not a sea friend!	cc83dfc92e021c45e9cb.m4a
The moon is not a sea friend!	eb161fc7f515f94e3549.m4a
The star is not a sea friend!	dfc5a01ad4c2974db0a7.m4a
The cloud is not a sea friend!	2d5abd2ea6a33d5c7ae0.m4a
The rainbow is not a sea friend!	4ae1501f57f5792145a9.m4a
The ice cream is not a sea friend!	ae1f8370936db151703d.m4a
The cupcake is not a sea friend!	84386402967506099b76.m4a
The cake is not a sea friend!	c11034e29cffd3ed976b.m4a
The lollipop is not a sea friend!	6f243d5a1caa326dbca6.m4a
The donut is not a sea friend!	1b25e6476fb8d2854d43.m4a
The cookie is not a sea friend!	094f99ace8bab4fe3d1a.m4a
The broccoli is not a sea friend!	46cb8c0461aa0bdbd91c.m4a
The carrot is not a sea friend!	79eb7b0236a1564d7b04.m4a
The corn is not a sea friend!	e58d03e4428171e5faad.m4a
The tomato is not a sea friend!	283d62516ebc518545a2.m4a
The cucumber is not a sea friend!	fee94c0325d9ed0fc500.m4a
The sneaker is not a sea friend!	c706945b46d9eb321b48.m4a
The cap is not a sea friend!	cd454f609aeda48ddef4.m4a
The glove is not a sea friend!	18292ac24f0f3d8642e9.m4a
The sock is not a sea friend!	3d7ead57944875290613.m4a
The dress is not a sea friend!	95dad43b55fa862a443d.m4a
The coat is not a sea friend!	c56167252de7dbc84510.m4a
The piano is not a sea friend!	9b615d23c4871ab56ed8.m4a
The guitar is not a sea friend!	f406bd318176886c3f3f.m4a
The trumpet is not a sea friend!	fa77a5e73f9d7922c51c.m4a
The drum is not a sea friend!	7727758ec9b2889c97ea.m4a
The violin is not a sea friend!	4c9d20cdf5fed5ff1e61.m4a
The bee is not a sea friend!	a416b6ef39f8b8b0a1df.m4a
The ladybug is not a sea friend!	4489145064802d89dc7a.m4a
The butterfly is not a sea friend!	c5c78700cc1b354b53c4.m4a
The caterpillar is not a sea friend!	432b74a457c33d5fbc1a.m4a
The ant is not a sea friend!	fb9ef1efef010112a7de.m4a
The soccer ball is not a sea friend!	0c6acdcaf59e27431619.m4a
The basketball is not a sea friend!	c18a9a045734cd48392a.m4a
The tennis ball is not a sea friend!	10f536c7c43b23fcdd54.m4a
The baseball is not a sea friend!	3e24d090d26716508271.m4a
The pizza is not a sea friend!	a165063c96ca41a3c264.m4a
The burger is not a sea friend!	32258c094975b60a3ec8.m4a
The taco is not a sea friend!	5cacc5fe462827b1f407.m4a
The sandwich is not a sea friend!	2ecf58ab7734dda32c0c.m4a
The spaghetti is not a sea friend!	e1fab29d2c175bd92b18.m4a
The apple is not a sweet treat!	f23184ad46025b2f7aec.m4a
The orange is not a sweet treat!	0bcee679a4d83eb94e80.m4a
The lemon is not a sweet treat!	ee4186a0ca32192f3210.m4a
The strawberry is not a sweet treat!	e5e0a0de1edaf2f76259.m4a
The grapes is not a sweet treat!	01d16640a57c5089ffb4.m4a
The banana is not a sweet treat!	8e32a3a96c4ba01767bb.m4a
The watermelon is not a sweet treat!	07bb4b88356f9f600d1f.m4a
The peach is not a sweet treat!	1e0cc05bddf290b8ad53.m4a
The dog is not a sweet treat!	0af93cd1006bd0714b89.m4a
The cat is not a sweet treat!	aba93b34d3096c3b7efa.m4a
The frog is not a sweet treat!	c026cd9c324c43b5783a.m4a
The bunny is not a sweet treat!	7969519e8527004d58e6.m4a
The bear is not a sweet treat!	704f2655b6ff4adc5d81.m4a
The cow is not a sweet treat!	e9aee85e5f5c346ed0bf.m4a
The pig is not a sweet treat!	ef4b654f5d9a60568959.m4a
The lion is not a sweet treat!	f066a82bb1330bc2e8f9.m4a
The car is not a sweet treat!	1433bfd07f79966972eb.m4a
The bus is not a sweet treat!	ffcfd1297470282fcabc.m4a
The train is not a sweet treat!	74a99257bc8c6343c8f0.m4a
The plane is not a sweet treat!	0d92b8700d76cb4a0679.m4a
The helicopter is not a sweet treat!	38d6ebd06b53347db407.m4a
The tractor is not a sweet treat!	6f7a03fef4d4cce396da.m4a
The scooter is not a sweet treat!	1c7c50c82c33c1dcfe9b.m4a
The blossom is not a sweet treat!	f91d301a0f5778ea59ff.m4a
The sunflower is not a sweet treat!	4e28b3e79cefac78ce51.m4a
The hibiscus is not a sweet treat!	9468d2d8c50862fce116.m4a
The tulip is not a sweet treat!	338f327b37a1ca8ee74a.m4a
The rose is not a sweet treat!	86e98024c1e5f793603a.m4a
The sun is not a sweet treat!	ab8245146beb2bdd644f.m4a
The moon is not a sweet treat!	160aa8e1137fbdbcd86f.m4a
The star is not a sweet treat!	aaa03b2a3033a66bb6e2.m4a
The cloud is not a sweet treat!	304b81c37811b2bec3ab.m4a
The rainbow is not a sweet treat!	675178377688c727b20d.m4a
The fish is not a sweet treat!	4e20d14edf23cfa70639.m4a
The dolphin is not a sweet treat!	dba268a3151ca5d2ad2a.m4a
The octopus is not a sweet treat!	86497e0288e7bd7a77fe.m4a
The crab is not a sweet treat!	e78e91b0e8454ecd815b.m4a
The whale is not a sweet treat!	497724b2a8a2bbf02b55.m4a
The seashell is not a sweet treat!	dd11589842ee8cb2bfc8.m4a
The broccoli is not a sweet treat!	a9c2375eb808de8dd932.m4a
The carrot is not a sweet treat!	f59d4d625c24e564cad1.m4a
The corn is not a sweet treat!	8de4f715f11fdf4cf39c.m4a
The tomato is not a sweet treat!	ae3c50f262318f1cd1c3.m4a
The cucumber is not a sweet treat!	af0fb87f521112864dbc.m4a
The sneaker is not a sweet treat!	ce3b21a09b4be486a982.m4a
The cap is not a sweet treat!	ca4d5efd27173eca7282.m4a
The glove is not a sweet treat!	2aede5dc4162aa62152b.m4a
The sock is not a sweet treat!	f26f8e72e30ab3a03eaa.m4a
The dress is not a sweet treat!	1aa9942304066e91b9e1.m4a
The coat is not a sweet treat!	9e092b4356013a108439.m4a
The piano is not a sweet treat!	99f1982065f37ba82b53.m4a
The guitar is not a sweet treat!	06c57e951a6beeb95cd3.m4a
The trumpet is not a sweet treat!	c22494aad63a396382b9.m4a
The drum is not a sweet treat!	683aeef9a969e6abf3c9.m4a
The violin is not a sweet treat!	6e0ab9d0b43aa9b2d543.m4a
The bee is not a sweet treat!	cd291ae1a19ebc854f00.m4a
The ladybug is not a sweet treat!	c97f44de755d6a6cf008.m4a
The butterfly is not a sweet treat!	7c26ae5a82d2603980a7.m4a
The caterpillar is not a sweet treat!	83d90c8e4a7a9957e7d1.m4a
The ant is not a sweet treat!	aedbdfaa33f3a35d0557.m4a
The soccer ball is not a sweet treat!	fe8f287e102cc5a54346.m4a
The basketball is not a sweet treat!	432752ea0d9ba19b0373.m4a
The tennis ball is not a sweet treat!	9388606dade26afc1d79.m4a
The baseball is not a sweet treat!	aa199af3b8db95843f0a.m4a
The pizza is not a sweet treat!	b8bb0a8293990e9b9482.m4a
The burger is not a sweet treat!	5ccfafa811333effc031.m4a
The taco is not a sweet treat!	efbaa6e1d158378339a8.m4a
The sandwich is not a sweet treat!	7d5af91989b2e41ebd07.m4a
The spaghetti is not a sweet treat!	3f5da90182024ef8f323.m4a
The apple is not a vegetable!	c59a1ec94cf6701ede34.m4a
The orange is not a vegetable!	c73b60e55819f8bdba9c.m4a
The lemon is not a vegetable!	6d52b310f9baaa451f36.m4a
The strawberry is not a vegetable!	efffc18742b85806dc35.m4a
The grapes is not a vegetable!	08c2c9cda46ff3d1f137.m4a
The banana is not a vegetable!	39d5bed21fb592cedd7b.m4a
The watermelon is not a vegetable!	6e8025207465bf627d37.m4a
The peach is not a vegetable!	55d711fd073779c55dbf.m4a
The dog is not a vegetable!	f2a1b50b243db1f8204b.m4a
The cat is not a vegetable!	e89d2134476fed4e6151.m4a
The frog is not a vegetable!	9e465ca98b7a0bdf7e76.m4a
The bunny is not a vegetable!	3aa0d8d279129cef7fe6.m4a
The bear is not a vegetable!	38d4389e6c10b02b739a.m4a
The cow is not a vegetable!	ca5e73bd5dcd853338ba.m4a
The pig is not a vegetable!	1d78fba8a740ce1c1e08.m4a
The lion is not a vegetable!	054741b6f95626bf16f4.m4a
The car is not a vegetable!	a68040bc1e798f62f491.m4a
The bus is not a vegetable!	50d633e28b5195db2007.m4a
The train is not a vegetable!	6b5563b4bff39194a889.m4a
The plane is not a vegetable!	e9c4d2499250e10de98c.m4a
The helicopter is not a vegetable!	64874df51b6e397b58dd.m4a
The tractor is not a vegetable!	7f400caa795bf2015f97.m4a
The scooter is not a vegetable!	3c5d84586ffbf079b8ef.m4a
The blossom is not a vegetable!	404bf8a141a7c5fdf35f.m4a
The sunflower is not a vegetable!	82f9de6abdde2db1830a.m4a
The hibiscus is not a vegetable!	359360ffcc1a50471db8.m4a
The tulip is not a vegetable!	67aee38df00ed1dec8ff.m4a
The rose is not a vegetable!	9ce3ea69bc1a5965800d.m4a
The sun is not a vegetable!	6df415128b1d22bd8696.m4a
The moon is not a vegetable!	a5803e0090f0bf7dafe7.m4a
The star is not a vegetable!	f222da0120954a91d9c4.m4a
The cloud is not a vegetable!	44cd3964b2b7c1add580.m4a
The rainbow is not a vegetable!	2123cb3d9d3c12497c1b.m4a
The fish is not a vegetable!	88cb160b7f96097c10e9.m4a
The dolphin is not a vegetable!	311ce3b88ac67dde50a4.m4a
The octopus is not a vegetable!	720364a49a27dca0b5f8.m4a
The crab is not a vegetable!	72a5e203a4eb05a70931.m4a
The whale is not a vegetable!	233b830f4d206b2e5766.m4a
The seashell is not a vegetable!	d0eb1f7e68f4ddeee108.m4a
The ice cream is not a vegetable!	741a69de7d2572e37be1.m4a
The cupcake is not a vegetable!	c6a8e9559b21cbf0b022.m4a
The cake is not a vegetable!	73fcd3930efb20c063a8.m4a
The lollipop is not a vegetable!	62e2da4e14176e1d3fde.m4a
The donut is not a vegetable!	588034077115f1d38565.m4a
The cookie is not a vegetable!	a428be32d583bb6b9d36.m4a
The sneaker is not a vegetable!	4c62837069e409ad16d3.m4a
The cap is not a vegetable!	c1182e2f3bc92f8ffece.m4a
The glove is not a vegetable!	914114cc85a4c706ed89.m4a
The sock is not a vegetable!	817a4c8fad6928db23a2.m4a
The dress is not a vegetable!	3a07875ff699993e0054.m4a
The coat is not a vegetable!	2a0740e74dfd1fa94efc.m4a
The piano is not a vegetable!	bcbc888bf7a04c86c768.m4a
The guitar is not a vegetable!	f8c9e9f01b4e3329b4ed.m4a
The trumpet is not a vegetable!	1956c39faa08e226147a.m4a
The drum is not a vegetable!	058c62126f224c17ae9f.m4a
The violin is not a vegetable!	c41cc1f59d76b8fe1d8b.m4a
The bee is not a vegetable!	d29d4de567be88c378d5.m4a
The ladybug is not a vegetable!	811c0cf3a8d297e85460.m4a
The butterfly is not a vegetable!	bd5a81412297036deeeb.m4a
The caterpillar is not a vegetable!	614d36b767baaf6b6517.m4a
The ant is not a vegetable!	278e1b679226aa806474.m4a
The soccer ball is not a vegetable!	64b287ceb9a1e6948ae3.m4a
The basketball is not a vegetable!	ac5f8518e24dfd07b7fd.m4a
The tennis ball is not a vegetable!	b419e0fe5f7087d6a2d4.m4a
The baseball is not a vegetable!	b6a2490862dbf00b7a9a.m4a
The pizza is not a vegetable!	6ade36eefd463358225d.m4a
The burger is not a vegetable!	4b9c10ad360e875df882.m4a
The taco is not a vegetable!	5dc84ff6aff7d87c772a.m4a
The sandwich is not a vegetable!	8121bb46b348673c11e9.m4a
The spaghetti is not a vegetable!	5d50195697c8815cfca9.m4a
The apple is not a piece of clothing!	473ea8a0ab216bb519f9.m4a
The orange is not a piece of clothing!	64405b139cdcebadaa90.m4a
The lemon is not a piece of clothing!	392947b3ff0d2e4792af.m4a
The strawberry is not a piece of clothing!	89bbc3292ec365b79c74.m4a
The grapes is not a piece of clothing!	d7927a7725ce0a78cd2e.m4a
The banana is not a piece of clothing!	86f6e3fcbd29af79ca0c.m4a
The watermelon is not a piece of clothing!	18cde1a1bc0e85b3ce98.m4a
The peach is not a piece of clothing!	357b60e202e53553015c.m4a
The dog is not a piece of clothing!	ec1256ca4a939cd19bc0.m4a
The cat is not a piece of clothing!	6dc1c081309661a0ace4.m4a
The frog is not a piece of clothing!	717dd24f5a6c42d5b016.m4a
The bunny is not a piece of clothing!	81a8989283a4dbe179d1.m4a
The bear is not a piece of clothing!	c42400b32461a0798525.m4a
The cow is not a piece of clothing!	82120c0864fe58a5c031.m4a
The pig is not a piece of clothing!	ca27bc4a7b30bd0917a9.m4a
The lion is not a piece of clothing!	66ab6f660fd1cc5ec66a.m4a
The car is not a piece of clothing!	206536988d7d89c38e38.m4a
The bus is not a piece of clothing!	d3a999c14277f7c778c0.m4a
The train is not a piece of clothing!	851f5f859cb18d3d2777.m4a
The plane is not a piece of clothing!	6ef6804ce6fc66ecae76.m4a
The helicopter is not a piece of clothing!	973ef0f2e0c0f7f83052.m4a
The tractor is not a piece of clothing!	1e7a0db74c1823b25625.m4a
The scooter is not a piece of clothing!	e0ef3b00cada46d64535.m4a
The blossom is not a piece of clothing!	c356d530b0ee6f351369.m4a
The sunflower is not a piece of clothing!	9ef13b18ec4805487d86.m4a
The hibiscus is not a piece of clothing!	829470bc0f83a8bafb3a.m4a
The tulip is not a piece of clothing!	fe12ebef173e79655cbd.m4a
The rose is not a piece of clothing!	2847c7aef5dca14dd142.m4a
The sun is not a piece of clothing!	823596376e2d825d6cc6.m4a
The moon is not a piece of clothing!	b1a5c9cdddf0ede95a10.m4a
The star is not a piece of clothing!	c33b4c5d9d28ac4ed855.m4a
The cloud is not a piece of clothing!	2252f4b64d25537df1cc.m4a
The rainbow is not a piece of clothing!	c0ac9d2c04cad94955b9.m4a
The fish is not a piece of clothing!	5b45ababff03d7334101.m4a
The dolphin is not a piece of clothing!	a5d741a256c87cf3d6b2.m4a
The octopus is not a piece of clothing!	70a4555eff39bfe03ba0.m4a
The crab is not a piece of clothing!	1788c0aa6e8d65bf2553.m4a
The whale is not a piece of clothing!	fae5318cae984c13ce7d.m4a
The seashell is not a piece of clothing!	901d6a0283f3dbc8e036.m4a
The ice cream is not a piece of clothing!	9186cdfa1d99c62f233e.m4a
The cupcake is not a piece of clothing!	f84c201b7f125479933e.m4a
The cake is not a piece of clothing!	36c1f485041cc345b18c.m4a
The lollipop is not a piece of clothing!	7124c40596d924f45df9.m4a
The donut is not a piece of clothing!	1d573418b3d48e108bfd.m4a
The cookie is not a piece of clothing!	860442f6088bdb12fd78.m4a
The broccoli is not a piece of clothing!	39fda23292722ccf06ca.m4a
The carrot is not a piece of clothing!	093b6e9b639637b0b1a7.m4a
The corn is not a piece of clothing!	2fe7cc7dc82be03a452f.m4a
The tomato is not a piece of clothing!	b8fd7306eafc1ceacd5c.m4a
The cucumber is not a piece of clothing!	972e8596460e6d1f9630.m4a
The piano is not a piece of clothing!	fb3e6ef960d2afc0c9e1.m4a
The guitar is not a piece of clothing!	8146ecea99e2ac50b06c.m4a
The trumpet is not a piece of clothing!	6f773b27ebf04e91e646.m4a
The drum is not a piece of clothing!	a8de30f38c1dbd80e11f.m4a
The violin is not a piece of clothing!	d3ce80af1efc8ade8fa9.m4a
The bee is not a piece of clothing!	c973abd20abb9ee561f0.m4a
The ladybug is not a piece of clothing!	8bdf42b84c4406633f82.m4a
The butterfly is not a piece of clothing!	4d4d8dc6835990f0d702.m4a
The caterpillar is not a piece of clothing!	23ad28bbd9c5b6d7d0ed.m4a
The ant is not a piece of clothing!	8159b70b37882bb3cde1.m4a
The soccer ball is not a piece of clothing!	baf23038b0d807295612.m4a
The basketball is not a piece of clothing!	9804cd1087b3693f1983.m4a
The tennis ball is not a piece of clothing!	9b190d384ee9e87a3f1d.m4a
The baseball is not a piece of clothing!	64cc2637a1f0fc235915.m4a
The pizza is not a piece of clothing!	f893c2c162bf5386effb.m4a
The burger is not a piece of clothing!	02f3e9841942526901c9.m4a
The taco is not a piece of clothing!	631661b849eecfd160e0.m4a
The sandwich is not a piece of clothing!	d1975c4008c160462487.m4a
The spaghetti is not a piece of clothing!	8ab422c2962edfe6cc3e.m4a
The apple is not a instrument!	4701a4828dc33ee08a8e.m4a
The orange is not a instrument!	2b24a639ec5cb0debf20.m4a
The lemon is not a instrument!	f61ea86b421fe4f9b52c.m4a
The strawberry is not a instrument!	94d31809c548cad74f66.m4a
The grapes is not a instrument!	da40369eaf502c309dfb.m4a
The banana is not a instrument!	dca0bfb9360ed0ffedb9.m4a
The watermelon is not a instrument!	c77c7d2f1f7a0f86d825.m4a
The peach is not a instrument!	53306a2c4824a31bbff4.m4a
The dog is not a instrument!	1d222e1cda89bdb74d49.m4a
The cat is not a instrument!	a8428acf619f7684e50f.m4a
The frog is not a instrument!	694ebc02a1c5d7e10d32.m4a
The bunny is not a instrument!	e448cf6479af4f135e0f.m4a
The bear is not a instrument!	b3a1c872b5e48e9953d5.m4a
The cow is not a instrument!	87e697e3c795639b6604.m4a
The pig is not a instrument!	85cd37e164f3b52aa6a9.m4a
The lion is not a instrument!	d39a8e534d011672636d.m4a
The car is not a instrument!	894021c846e872a352ae.m4a
The bus is not a instrument!	02e71437b0453655ebe0.m4a
The train is not a instrument!	1cec4662cfd9910353c6.m4a
The plane is not a instrument!	8fa454b852fad82cb797.m4a
The helicopter is not a instrument!	5c09f193ca611159489d.m4a
The tractor is not a instrument!	b1ae52d000914956a3f3.m4a
The scooter is not a instrument!	ac4e9e98c3880213c9f2.m4a
The blossom is not a instrument!	2da16ef9ea7e3ff85418.m4a
The sunflower is not a instrument!	e418d9fd6e5d9197de99.m4a
The hibiscus is not a instrument!	e491020af009b0704452.m4a
The tulip is not a instrument!	1385e9f68fcd36dddbc0.m4a
The rose is not a instrument!	36a405dcd70e09c97286.m4a
The sun is not a instrument!	e863faa9c581eafc2160.m4a
The moon is not a instrument!	67149ff35c451aff850f.m4a
The star is not a instrument!	3aeae5a10c9ee86b3e5d.m4a
The cloud is not a instrument!	b274387f988042bd8048.m4a
The rainbow is not a instrument!	f8bdaa77c83734960cea.m4a
The fish is not a instrument!	bf385bf76690dbc4cb26.m4a
The dolphin is not a instrument!	376dc17dc3b09166243f.m4a
The octopus is not a instrument!	fe4c2a7b6bdf0d5624f1.m4a
The crab is not a instrument!	0cdcdae1d31f4172e2ae.m4a
The whale is not a instrument!	8e90de62f5ac9d06f067.m4a
The seashell is not a instrument!	96d066282974446c1f3d.m4a
The ice cream is not a instrument!	85030a73426341dce132.m4a
The cupcake is not a instrument!	6a8a238be2fa5a07e268.m4a
The cake is not a instrument!	fcdc9e534c7db6ba5200.m4a
The lollipop is not a instrument!	f3877fae9e9587f151fe.m4a
The donut is not a instrument!	11494d3c2e671660a0c5.m4a
The cookie is not a instrument!	24e1401becbff932dd40.m4a
The broccoli is not a instrument!	52b120e9be7f1dba2b0d.m4a
The carrot is not a instrument!	5825f4d6aac084fefbcb.m4a
The corn is not a instrument!	467437d9007f319634d1.m4a
The tomato is not a instrument!	154df8f778d2338267a0.m4a
The cucumber is not a instrument!	10e679bca62a9cbb3f8b.m4a
The sneaker is not a instrument!	9269bb113b93c8b3c39d.m4a
The cap is not a instrument!	30a7eb32aaf65fa90e12.m4a
The glove is not a instrument!	e8d0537bd868513e2651.m4a
The sock is not a instrument!	be1bd2a0642b8dea7487.m4a
The dress is not a instrument!	876ac0a8ceed8088c219.m4a
The coat is not a instrument!	7cce530108a3e6844d20.m4a
The bee is not a instrument!	c5e4b1d4c244069586d4.m4a
The ladybug is not a instrument!	d25ea299949ff790dbc8.m4a
The butterfly is not a instrument!	ac2f65e081f78a2824f2.m4a
The caterpillar is not a instrument!	4e79b6168041a82e42b2.m4a
The ant is not a instrument!	8d8db04150c5f5bf4df8.m4a
The soccer ball is not a instrument!	6f083d6a2640ac925c5b.m4a
The basketball is not a instrument!	b2032004d9b2a6258b1b.m4a
The tennis ball is not a instrument!	78f929f61cb0e415432a.m4a
The baseball is not a instrument!	d8ba7cfa88a797cda23a.m4a
The pizza is not a instrument!	ab07dc3f913cf8dca5f4.m4a
The burger is not a instrument!	1bd09d3616616606aa01.m4a
The taco is not a instrument!	f1a39e2c5a36541f76f6.m4a
The sandwich is not a instrument!	3da4f7665f0f50cf42bd.m4a
The spaghetti is not a instrument!	6032e8679d3a4734b9e0.m4a
The apple is not a bug!	8b87ec005c6e65d1ea0b.m4a
The orange is not a bug!	0e9c04f11ef03ff2768d.m4a
The lemon is not a bug!	69fe0c79e660c1362518.m4a
The strawberry is not a bug!	1010b86e86f2be007483.m4a
The grapes is not a bug!	667f616dbbc0f960c5d4.m4a
The banana is not a bug!	b9c3504604e18bf89c73.m4a
The watermelon is not a bug!	4619ddaa02c57c9f855f.m4a
The peach is not a bug!	0df58f31554de733dead.m4a
The dog is not a bug!	0381233ce8b91361d127.m4a
The cat is not a bug!	5d3954096724704f3f44.m4a
The frog is not a bug!	5c415f6fadb8508c7c62.m4a
The bunny is not a bug!	26f6a6a05df5fe671cc2.m4a
The bear is not a bug!	cfcd61352699f6fe022a.m4a
The cow is not a bug!	f620e30747f028cf19a3.m4a
The pig is not a bug!	43d7a88cb3b017f7976b.m4a
The lion is not a bug!	925eb02cab916e99b6c1.m4a
The car is not a bug!	257839f766bec9980ed8.m4a
The bus is not a bug!	a9715a01a7a3372839f6.m4a
The train is not a bug!	33fbccd2bf1b5a4ed038.m4a
The plane is not a bug!	497777a8e07905c37439.m4a
The helicopter is not a bug!	aa82d836fa1ca38a9c22.m4a
The tractor is not a bug!	9699ae9057abbb2a283d.m4a
The scooter is not a bug!	b9b350ba2f5776bed256.m4a
The blossom is not a bug!	969fd5c45be4f8212f2b.m4a
The sunflower is not a bug!	43e70728bb8d5c799f32.m4a
The hibiscus is not a bug!	6a3bde7753dd95706e59.m4a
The tulip is not a bug!	b9015b92030b768ac0c3.m4a
The rose is not a bug!	076bf29a65fba5846ffa.m4a
The sun is not a bug!	9cd06a95bbfdc0b4babc.m4a
The moon is not a bug!	92739d5e9d5ee5a14584.m4a
The star is not a bug!	43c8d685718bcd7469bc.m4a
The cloud is not a bug!	52c5c2a5baa6d34ebcd8.m4a
The rainbow is not a bug!	dd2adc64663be4df63fc.m4a
The fish is not a bug!	286a51d578eb71a1362e.m4a
The dolphin is not a bug!	2a9d341d78fed6ef8af4.m4a
The octopus is not a bug!	3a59305322d39ba4e960.m4a
The crab is not a bug!	44b33bcff17d634b8adb.m4a
The whale is not a bug!	cd4ab5644d88e95297d6.m4a
The seashell is not a bug!	c49766aa8740aaa76b75.m4a
The ice cream is not a bug!	705a3c4ba1decb16af91.m4a
The cupcake is not a bug!	30747f73b19e9862d75d.m4a
The cake is not a bug!	528f9a030e4a36fac201.m4a
The lollipop is not a bug!	26a5d5cd347429a4e152.m4a
The donut is not a bug!	3d0a8312ee3e643db261.m4a
The cookie is not a bug!	30706745fbc7c430e3b9.m4a
The broccoli is not a bug!	c2ac7254ae1d67cfaab2.m4a
The carrot is not a bug!	493f8826fb996fcd1be8.m4a
The corn is not a bug!	f78f1705c0641f24e548.m4a
The tomato is not a bug!	50bbf2485ab312daa236.m4a
The cucumber is not a bug!	9df7a3731eba07a6d0cf.m4a
The sneaker is not a bug!	16b0fda38c05034653e2.m4a
The cap is not a bug!	27174c75a862d11f8f85.m4a
The glove is not a bug!	63057b142c288515e470.m4a
The sock is not a bug!	b06a3b71a070b279c17c.m4a
The dress is not a bug!	9f49d6b462734edc21a1.m4a
The coat is not a bug!	22c7333b43957eeac889.m4a
The piano is not a bug!	0f827aaef82522375b63.m4a
The guitar is not a bug!	775ba4b4790a7d08d2e7.m4a
The trumpet is not a bug!	c94334beaae4777a1aa3.m4a
The drum is not a bug!	29f7aefc5b1d7abdb92b.m4a
The violin is not a bug!	23f0e5f37649b603eaa7.m4a
The soccer ball is not a bug!	f3846036d73c277f4223.m4a
The basketball is not a bug!	a3821afb488fc229f68b.m4a
The tennis ball is not a bug!	cddcae57803b57d608f4.m4a
The baseball is not a bug!	1f05e142cac328c9ae13.m4a
The pizza is not a bug!	ecaf6ebc54cd0596f98d.m4a
The burger is not a bug!	517f157521ea22ce756d.m4a
The taco is not a bug!	ace69660a8364c66c0f1.m4a
The sandwich is not a bug!	28a57e395fde64c21193.m4a
The spaghetti is not a bug!	3da0ec6f3e225e44e4e8.m4a
The apple is not a ball!	531f400a52bf04b04ea5.m4a
The orange is not a ball!	bbbc975c29b3a18326be.m4a
The lemon is not a ball!	5e4b2c451a52957d5a4a.m4a
The strawberry is not a ball!	d6e8267261ec3c61c0ef.m4a
The grapes is not a ball!	04fa34153db3b9d63b17.m4a
The banana is not a ball!	4d14785fda4ba5e50351.m4a
The watermelon is not a ball!	7a553d665b2d43e28a49.m4a
The peach is not a ball!	04e6ca96658cc321c1df.m4a
The dog is not a ball!	eb8bbe907e3b838d56ee.m4a
The cat is not a ball!	ada65ed934796a39b9cb.m4a
The frog is not a ball!	33c715b980927f4cf3c1.m4a
The bunny is not a ball!	3e7f1e905739f584fed1.m4a
The bear is not a ball!	34630f55e6257dfa5410.m4a
The cow is not a ball!	fbdec4ea12c67ec7e64a.m4a
The pig is not a ball!	f8fc4f1a865e180e3348.m4a
The lion is not a ball!	5afdb57830c544903d97.m4a
The car is not a ball!	b061a9ec1ed3e8fa86b4.m4a
The bus is not a ball!	385197c0478d5ff4c08a.m4a
The train is not a ball!	fc0d616caf0529d610e0.m4a
The plane is not a ball!	a93690162cce47be41ee.m4a
The helicopter is not a ball!	ba04b044836c4855ab67.m4a
The tractor is not a ball!	5b9b935966339a55b42d.m4a
The scooter is not a ball!	00c0e571d9ff7fedf37c.m4a
The blossom is not a ball!	c51335471cf4152da549.m4a
The sunflower is not a ball!	707871ae58419c9d23f6.m4a
The hibiscus is not a ball!	bd5d0c0527c8f8ef3ade.m4a
The tulip is not a ball!	54ec9ea291b1a3ee583a.m4a
The rose is not a ball!	d01adfa86c4da5ba9da3.m4a
The sun is not a ball!	8e27ffb3044c9312d491.m4a
The moon is not a ball!	3b105a438ab1a33525b9.m4a
The star is not a ball!	defa785b5f225406e0c2.m4a
The cloud is not a ball!	94d876dba46ee9eaec82.m4a
The rainbow is not a ball!	cb96861c3d173ee6ba1f.m4a
The fish is not a ball!	fbc3dd3aafe1544c07be.m4a
The dolphin is not a ball!	daa1a92e8f5ae2ece175.m4a
The octopus is not a ball!	f0e525dafc8f8e12f14a.m4a
The crab is not a ball!	84e3758c426c5b158116.m4a
The whale is not a ball!	ba32818331b04e586c63.m4a
The seashell is not a ball!	37a42b33470a432f7005.m4a
The ice cream is not a ball!	ed64b8088fbbef03195c.m4a
The cupcake is not a ball!	a2df976da676ed380790.m4a
The cake is not a ball!	44bad350997f1852d405.m4a
The lollipop is not a ball!	a15e3755fda09c15117c.m4a
The donut is not a ball!	449d15993364282dee31.m4a
The cookie is not a ball!	0eaef7dbf8280fe8f2bb.m4a
The broccoli is not a ball!	15237a49eb70497c0f5a.m4a
The carrot is not a ball!	0c4a0b4f39fa1dc7302c.m4a
The corn is not a ball!	1bfccc81df670b3e1b52.m4a
The tomato is not a ball!	e57a843e5d65bfe1cbc6.m4a
The cucumber is not a ball!	dc9ba148b5ea7160d58d.m4a
The sneaker is not a ball!	9126729ebb2cbda9b65e.m4a
The cap is not a ball!	92951ec2d9f440c55cba.m4a
The glove is not a ball!	9a64b3360a75558ea91a.m4a
The sock is not a ball!	d1068a1f2cccb0aa2814.m4a
The dress is not a ball!	454467217e7379e4f3ad.m4a
The coat is not a ball!	81db7e238cf4a7fce7dd.m4a
The piano is not a ball!	9ca0b150b2bcd45e41bf.m4a
The guitar is not a ball!	7a078e9c75dbffe23fd6.m4a
The trumpet is not a ball!	44632a8eb0976b90d83f.m4a
The drum is not a ball!	813b6671f2d657f91c73.m4a
The violin is not a ball!	b3bef3b4510c8f3fb05a.m4a
The bee is not a ball!	b427175e875374b642fa.m4a
The ladybug is not a ball!	d341d7d5b37359193248.m4a
The butterfly is not a ball!	597fe3a2e91fcaf6df7f.m4a
The caterpillar is not a ball!	d943008af97d81276e68.m4a
The ant is not a ball!	c1a635fc45232be02110.m4a
The pizza is not a ball!	f9b3c8994454e2e7c400.m4a
The burger is not a ball!	8e3f2bf7658fb81c8dae.m4a
The taco is not a ball!	6e4d0303bd2186ccf165.m4a
The sandwich is not a ball!	d621437e01b22e3eb825.m4a
The spaghetti is not a ball!	382a82aa2c148ff8e6e6.m4a
The apple is not a food!	0643940f03f47800a8c4.m4a
The orange is not a food!	3144daad129543f1e787.m4a
The lemon is not a food!	2c1bf05f06bc74abe25a.m4a
The strawberry is not a food!	2eeb0f4a8ca1d6dcfaab.m4a
The grapes is not a food!	ee7705ac3ae232b7a438.m4a
The banana is not a food!	fe5881010eee088c2bc7.m4a
The watermelon is not a food!	119d6c8bb1dde4aa33a0.m4a
The peach is not a food!	12c410ea3fc314475725.m4a
The dog is not a food!	a3c07b2d3b9df2b57203.m4a
The cat is not a food!	9fecf68dbe192b115595.m4a
The frog is not a food!	1dcd1ea8309901cc6231.m4a
The bunny is not a food!	6a153bb0082cc2ac21f1.m4a
The bear is not a food!	e7ad65282d05ab25add2.m4a
The cow is not a food!	ef4ebac3db9d2711b6a2.m4a
The pig is not a food!	c2bb0230513ec40b790f.m4a
The lion is not a food!	fafc80758afa44663e4b.m4a
The car is not a food!	73f849ff319090ae1860.m4a
The bus is not a food!	b755f422b8dcb65f2c67.m4a
The train is not a food!	e53dacb2ba6d34647baa.m4a
The plane is not a food!	e794fa0c4fbd947c80ee.m4a
The helicopter is not a food!	44e51c53788281d0375a.m4a
The tractor is not a food!	39d64bf2bbcca73e7e1d.m4a
The scooter is not a food!	0fd1cb0a15b8dbf1c88b.m4a
The blossom is not a food!	e29aab0a8c185791e175.m4a
The sunflower is not a food!	9a3f25797f264f7c7f0a.m4a
The hibiscus is not a food!	13bbe08393b58c6929e0.m4a
The tulip is not a food!	0ec26ea8b434b75c501b.m4a
The rose is not a food!	07d82f2d4b128d33f689.m4a
The sun is not a food!	22fb113d6dc5809094f3.m4a
The moon is not a food!	c237ff73f537268487c4.m4a
The star is not a food!	71697be6db33042a4bc6.m4a
The cloud is not a food!	20dd7cd9c657b633ba02.m4a
The rainbow is not a food!	3ec326cdb06f02a1abea.m4a
The fish is not a food!	8baf6b5f9ad3259d3409.m4a
The dolphin is not a food!	5966f92c9b05835e6d56.m4a
The octopus is not a food!	8e53e237c7f60a505bf5.m4a
The crab is not a food!	49f21292bef439610618.m4a
The whale is not a food!	8e9f958d571a0fb1abf3.m4a
The seashell is not a food!	9560fff60e6f8c55ed15.m4a
The ice cream is not a food!	a2fd7f14eed27565f5bc.m4a
The cupcake is not a food!	93ae0e164aadc52ddaf4.m4a
The cake is not a food!	1a001c3c3380487173d7.m4a
The lollipop is not a food!	d7c72b3f84ecb9209eb3.m4a
The donut is not a food!	aef284d506bb83d62b07.m4a
The cookie is not a food!	c093fe1813d363e0ee15.m4a
The broccoli is not a food!	90a17974d7b2c86dcef0.m4a
The carrot is not a food!	c99df942719c8bab0bdc.m4a
The corn is not a food!	ab38976b4f7beff72bd5.m4a
The tomato is not a food!	b69eedad4d51e805af75.m4a
The cucumber is not a food!	b61e0082b0d8e2a291c0.m4a
The sneaker is not a food!	f3fa3401d7b8318034a4.m4a
The cap is not a food!	d4c913bb8a228270cff1.m4a
The glove is not a food!	4ab99dec18d076351cdd.m4a
The sock is not a food!	ac986524ee097b121456.m4a
The dress is not a food!	b477dbc32c63db3097b8.m4a
The coat is not a food!	86c650b6134f86b02c8e.m4a
The piano is not a food!	85b4cc468c31fcd59898.m4a
The guitar is not a food!	f9421b7f2d4bd83ea7c4.m4a
The trumpet is not a food!	2e6866c12ad469bc5815.m4a
The drum is not a food!	9154aa250996b389c341.m4a
The violin is not a food!	af28f82892ce02977d2b.m4a
The bee is not a food!	226bf7673668db6214bf.m4a
The ladybug is not a food!	3cbbc1561cfa47ad9c32.m4a
The butterfly is not a food!	727078c47b90e8a0e66b.m4a
The caterpillar is not a food!	7acb187dd3188e9f9bf8.m4a
The ant is not a food!	a2facc551fc01b3690ce.m4a
The soccer ball is not a food!	ff8a024e58d33ef2b0b5.m4a
The basketball is not a food!	cd478792dd7b52feaed9.m4a
The tennis ball is not a food!	e4d65be52042d0834e07.m4a
The baseball is not a food!	f5c103e55d5cafa5eefe.m4a
